feature,importance_mean,importance_std,p_value,significant_0_05
macro2,0.002152745777267556,5.1891418920501304e-05,8.778275182958162e-49,True
macro2_lag_1,0.0017235334243860098,4.910277494209315e-05,1.1141072484746384e-46,True
firm2,0.00045749634939261933,2.3120109893817803e-05,1.7984130105469496e-39,True
firm1,0.0002666426496699225,1.7692224788489003e-05,4.709003282584819e-36,True
firm3,7.226633629606028e-05,1.262584993663479e-05,5.1302373269938446e-24,True
firm1_lag_1,4.2365186423398405e-05,6.17125703903509e-06,2.9893473654519315e-26,True
firm2*macro2,3.8425621298332374e-05,4.238993795699269e-06,1.068722226717772e-29,True
firm2_lag_1,3.707772102194586e-05,4.8626473996822185e-06,1.5033949732500904e-27,True
price_log_ret,3.0512961968881622e-05,3.4433208504230677e-06,2.047156442555209e-29,True
firm1*macro2,9.654190773029534e-06,1.5299761618241186e-06,3.26507977139305e-25,True
macro1_Recovery,4.162446634400249e-06,1.3043212338042228e-06,4.787981952831703e-17,True
firm3_lag_1,3.3286571517061245e-06,2.728506338131207e-06,1.690538703747963e-07,True
macro2_squared_rolling_min_20,2.5094455464267243e-07,2.0202166619778148e-08,1.2456159501070665e-33,True
firm1*macro2_cubed,4.5412223255516096e-08,2.1833428106448872e-08,2.371070153508551e-12,True
price/macro2_squared_rolling_high/low_20,6.473994174083231e-10,5.505767780747167e-11,6.0502330734638754e-33,True
firm_id_78,0.0,0.0,1.0,False
firm_id_77,0.0,0.0,1.0,False
firm_id_76,0.0,0.0,1.0,False
firm_id_75,0.0,0.0,1.0,False
firm_id_74,0.0,0.0,1.0,False
firm_id_73,0.0,0.0,1.0,False
firm_id_72,0.0,0.0,1.0,False
macro1_Expansion,0.0,0.0,1.0,False
firm_id_99,0.0,0.0,1.0,False
firm1*firm2,0.0,0.0,1.0,False
firm2*firm3,0.0,0.0,1.0,False
firm1*firm3,0.0,0.0,1.0,False
firm3*macro2,0.0,0.0,1.0,False
firm1*price,0.0,0.0,1.0,False
firm2*price,0.0,0.0,1.0,False
firm3*price,0.0,0.0,1.0,False
macro2*price,0.0,0.0,1.0,False
price/macro2,0.0,0.0,1.0,False
firm_id_84,0.0,0.0,1.0,False
firm3_squared,0.0,0.0,1.0,False
firm3_cubed,0.0,0.0,1.0,False
firm1*firm2_lag_1,0.0,0.0,1.0,False
firm1*firm2_squared,0.0,0.0,1.0,False
firm1*firm2_cubed,0.0,0.0,1.0,False
firm2*firm3_lag_1,0.0,0.0,1.0,False
firm2*firm3_squared,0.0,0.0,1.0,False
firm2*firm3_cubed,0.0,0.0,1.0,False
firm1*firm3_lag_1,0.0,0.0,1.0,False
firm1*firm3_squared,0.0,0.0,1.0,False
firm1*firm3_cubed,0.0,0.0,1.0,False
firm1*macro2_lag_1,0.0,0.0,1.0,False
price/firm2,0.0,0.0,1.0,False
price/firm3,0.0,0.0,1.0,False
macro1_Contraction,0.0,0.0,1.0,False
firm2*macro2_squared,0.0,0.0,1.0,False
firm2*macro2_cubed,0.0,0.0,1.0,False
firm3*macro2_lag_1,0.0,0.0,1.0,False
firm3*macro2_squared,0.0,0.0,1.0,False
firm3*macro2_cubed,0.0,0.0,1.0,False
firm1*price_lag_1,0.0,0.0,1.0,False
firm1*price_squared,0.0,0.0,1.0,False
firm1*price_cubed,0.0,0.0,1.0,False
firm2*price_lag_1,0.0,0.0,1.0,False
firm2*price_squared,0.0,0.0,1.0,False
firm2*price_cubed,0.0,0.0,1.0,False
firm3*price_lag_1,0.0,0.0,1.0,False
firm3*price_squared,0.0,0.0,1.0,False
firm2_squared,0.0,0.0,1.0,False
firm2_cubed,0.0,0.0,1.0,False
macro2*price_cubed,0.0,0.0,1.0,False
price/macro2_lag_1,0.0,0.0,1.0,False
price/macro2_squared,0.0,0.0,1.0,False
price/macro2_cubed,0.0,0.0,1.0,False
price/firm1_lag_1,0.0,0.0,1.0,False
price/firm1_squared,0.0,0.0,1.0,False
price/firm1_cubed,0.0,0.0,1.0,False
price/firm2_lag_1,0.0,0.0,1.0,False
price/firm2_squared,0.0,0.0,1.0,False
price/firm2_cubed,0.0,0.0,1.0,False
price/firm3_lag_1,0.0,0.0,1.0,False
price/firm3_squared,0.0,0.0,1.0,False
price/firm3_cubed,0.0,0.0,1.0,False
firm1*macro2_squared,0.0,0.0,1.0,False
firm2*macro2_lag_1,0.0,0.0,1.0,False
macro2_rolling_max_20,0.0,0.0,1.0,False
macro2_rolling_min_20,0.0,0.0,1.0,False
macro2_rolling_high/low_20,0.0,0.0,1.0,False
macro2_rolling_range_20,0.0,0.0,1.0,False
macro2_rolling_ret_20,0.0,0.0,1.0,False
price_rolling_avg_20,0.0,0.0,1.0,False
price_rolling_std_20,0.0,0.0,1.0,False
price_rolling_max_20,0.0,0.0,1.0,False
price_rolling_min_20,0.0,0.0,1.0,False
price_rolling_high/low_20,0.0,0.0,1.0,False
price_rolling_range_20,0.0,0.0,1.0,False
price_rolling_ret_20,0.0,0.0,1.0,False
firm1_rolling_avg_20,0.0,0.0,1.0,False
firm3*price_cubed,0.0,0.0,1.0,False
macro2*price_lag_1,0.0,0.0,1.0,False
macro2*price_squared,0.0,0.0,1.0,False
firm1_rolling_high/low_20,0.0,0.0,1.0,False
firm1_rolling_range_20,0.0,0.0,1.0,False
firm1_rolling_ret_20,0.0,0.0,1.0,False
firm2_rolling_avg_20,0.0,0.0,1.0,False
firm2_rolling_std_20,0.0,0.0,1.0,False
firm2_rolling_max_20,0.0,0.0,1.0,False
firm2_rolling_min_20,0.0,0.0,1.0,False
firm2_rolling_high/low_20,0.0,0.0,1.0,False
firm2_rolling_range_20,0.0,0.0,1.0,False
firm2_rolling_ret_20,0.0,0.0,1.0,False
firm3_rolling_avg_20,0.0,0.0,1.0,False
firm3_rolling_std_20,0.0,0.0,1.0,False
firm3_rolling_max_20,0.0,0.0,1.0,False
macro2_rolling_avg_20,0.0,0.0,1.0,False
macro2_rolling_std_20,0.0,0.0,1.0,False
firm3_rolling_ret_20,0.0,0.0,1.0,False
firm1*firm2_rolling_avg_20,0.0,0.0,1.0,False
firm1*firm2_rolling_std_20,0.0,0.0,1.0,False
firm1*firm2_rolling_max_20,0.0,0.0,1.0,False
firm1*firm2_rolling_min_20,0.0,0.0,1.0,False
firm1*firm2_rolling_high/low_20,0.0,0.0,1.0,False
firm1*firm2_rolling_range_20,0.0,0.0,1.0,False
firm1*firm2_rolling_ret_20,0.0,0.0,1.0,False
firm2*firm3_rolling_avg_20,0.0,0.0,1.0,False
firm2*firm3_rolling_std_20,0.0,0.0,1.0,False
firm2*firm3_rolling_max_20,0.0,0.0,1.0,False
firm2*firm3_rolling_min_20,0.0,0.0,1.0,False
firm2*firm3_rolling_high/low_20,0.0,0.0,1.0,False
firm1_rolling_std_20,0.0,0.0,1.0,False
firm1_rolling_max_20,0.0,0.0,1.0,False
firm1_rolling_min_20,0.0,0.0,1.0,False
firm1*firm3_rolling_std_20,0.0,0.0,1.0,False
firm1*firm3_rolling_max_20,0.0,0.0,1.0,False
firm1*firm3_rolling_min_20,0.0,0.0,1.0,False
firm1*firm3_rolling_high/low_20,0.0,0.0,1.0,False
firm1*firm3_rolling_range_20,0.0,0.0,1.0,False
firm1*firm3_rolling_ret_20,0.0,0.0,1.0,False
firm1*macro2_rolling_avg_20,0.0,0.0,1.0,False
firm1*macro2_rolling_std_20,0.0,0.0,1.0,False
firm1*macro2_rolling_max_20,0.0,0.0,1.0,False
firm1*macro2_rolling_min_20,0.0,0.0,1.0,False
firm1*macro2_rolling_high/low_20,0.0,0.0,1.0,False
firm1*macro2_rolling_range_20,0.0,0.0,1.0,False
firm1*macro2_rolling_ret_20,0.0,0.0,1.0,False
firm3_rolling_min_20,0.0,0.0,1.0,False
firm3_rolling_high/low_20,0.0,0.0,1.0,False
firm3_rolling_range_20,0.0,0.0,1.0,False
firm2*macro2_rolling_min_20,0.0,0.0,1.0,False
firm2*macro2_rolling_high/low_20,0.0,0.0,1.0,False
firm2*macro2_rolling_range_20,0.0,0.0,1.0,False
firm2*macro2_rolling_ret_20,0.0,0.0,1.0,False
firm3*macro2_rolling_avg_20,0.0,0.0,1.0,False
firm3*macro2_rolling_std_20,0.0,0.0,1.0,False
firm3*macro2_rolling_max_20,0.0,0.0,1.0,False
firm3*macro2_rolling_min_20,0.0,0.0,1.0,False
firm3*macro2_rolling_high/low_20,0.0,0.0,1.0,False
firm3*macro2_rolling_range_20,0.0,0.0,1.0,False
firm3*macro2_rolling_ret_20,0.0,0.0,1.0,False
firm1*price_rolling_avg_20,0.0,0.0,1.0,False
firm1*price_rolling_std_20,0.0,0.0,1.0,False
firm2*firm3_rolling_range_20,0.0,0.0,1.0,False
firm2*firm3_rolling_ret_20,0.0,0.0,1.0,False
firm1*firm3_rolling_avg_20,0.0,0.0,1.0,False
firm1*price_rolling_range_20,0.0,0.0,1.0,False
firm1*price_rolling_ret_20,0.0,0.0,1.0,False
firm2*price_rolling_avg_20,0.0,0.0,1.0,False
firm2*price_rolling_std_20,0.0,0.0,1.0,False
firm2*price_rolling_max_20,0.0,0.0,1.0,False
firm2*price_rolling_min_20,0.0,0.0,1.0,False
firm2*price_rolling_high/low_20,0.0,0.0,1.0,False
firm2*price_rolling_range_20,0.0,0.0,1.0,False
firm2*price_rolling_ret_20,0.0,0.0,1.0,False
firm3*price_rolling_avg_20,0.0,0.0,1.0,False
firm3*price_rolling_std_20,0.0,0.0,1.0,False
firm3*price_rolling_max_20,0.0,0.0,1.0,False
firm3*price_rolling_min_20,0.0,0.0,1.0,False
firm2*macro2_rolling_avg_20,0.0,0.0,1.0,False
firm2*macro2_rolling_std_20,0.0,0.0,1.0,False
firm2*macro2_rolling_max_20,0.0,0.0,1.0,False
firm3*price_rolling_ret_20,0.0,0.0,1.0,False
macro2*price_rolling_avg_20,0.0,0.0,1.0,False
macro2*price_rolling_std_20,0.0,0.0,1.0,False
macro2*price_rolling_max_20,0.0,0.0,1.0,False
macro2*price_rolling_min_20,0.0,0.0,1.0,False
macro2*price_rolling_high/low_20,0.0,0.0,1.0,False
macro2*price_rolling_range_20,0.0,0.0,1.0,False
macro2*price_rolling_ret_20,0.0,0.0,1.0,False
price/macro2_rolling_avg_20,0.0,0.0,1.0,False
price/macro2_rolling_std_20,0.0,0.0,1.0,False
price/macro2_rolling_min_20,0.0,0.0,1.0,False
price/macro2_rolling_high/low_20,0.0,0.0,1.0,False
price/macro2_rolling_range_20,0.0,0.0,1.0,False
firm1*price_rolling_max_20,0.0,0.0,1.0,False
firm1*price_rolling_min_20,0.0,0.0,1.0,False
firm1*price_rolling_high/low_20,0.0,0.0,1.0,False
price/firm1_rolling_std_20,0.0,0.0,1.0,False
price/firm1_rolling_max_20,0.0,0.0,1.0,False
price/firm1_rolling_min_20,0.0,0.0,1.0,False
price/firm1_rolling_high/low_20,0.0,0.0,1.0,False
price/firm1_rolling_range_20,0.0,0.0,1.0,False
price/firm1_rolling_ret_20,0.0,0.0,1.0,False
price/firm2_rolling_avg_20,0.0,0.0,1.0,False
price/firm2_rolling_std_20,0.0,0.0,1.0,False
price/firm2_rolling_max_20,0.0,0.0,1.0,False
price/firm2_rolling_min_20,0.0,0.0,1.0,False
price/firm2_rolling_high/low_20,0.0,0.0,1.0,False
price/firm2_rolling_range_20,0.0,0.0,1.0,False
price/firm2_rolling_ret_20,0.0,0.0,1.0,False
price/firm3_rolling_avg_20,0.0,0.0,1.0,False
firm3*price_rolling_high/low_20,0.0,0.0,1.0,False
firm3*price_rolling_range_20,0.0,0.0,1.0,False
price/firm3_rolling_max_20,0.0,0.0,1.0,False
price/firm3_rolling_min_20,0.0,0.0,1.0,False
price/firm3_rolling_high/low_20,0.0,0.0,1.0,False
price/firm3_rolling_range_20,0.0,0.0,1.0,False
price/firm3_rolling_ret_20,0.0,0.0,1.0,False
macro2_lag_1_rolling_avg_20,0.0,0.0,1.0,False
macro2_lag_1_rolling_std_20,0.0,0.0,1.0,False
macro2_lag_1_rolling_max_20,0.0,0.0,1.0,False
macro2_lag_1_rolling_min_20,0.0,0.0,1.0,False
macro2_lag_1_rolling_high/low_20,0.0,0.0,1.0,False
macro2_lag_1_rolling_range_20,0.0,0.0,1.0,False
macro2_lag_1_rolling_ret_20,0.0,0.0,1.0,False
macro2_squared_rolling_std_20,0.0,0.0,1.0,False
macro2_squared_rolling_max_20,0.0,0.0,1.0,False
price/macro2_rolling_ret_20,0.0,0.0,1.0,False
price/firm1_rolling_avg_20,0.0,0.0,1.0,False
macro2_squared_rolling_high/low_20,0.0,0.0,1.0,False
macro2_squared_rolling_range_20,0.0,0.0,1.0,False
macro2_squared_rolling_ret_20,0.0,0.0,1.0,False
macro2_cubed_rolling_avg_20,0.0,0.0,1.0,False
macro2_cubed_rolling_std_20,0.0,0.0,1.0,False
macro2_cubed_rolling_max_20,0.0,0.0,1.0,False
macro2_cubed_rolling_min_20,0.0,0.0,1.0,False
macro2_cubed_rolling_high/low_20,0.0,0.0,1.0,False
macro2_cubed_rolling_range_20,0.0,0.0,1.0,False
macro2_cubed_rolling_ret_20,0.0,0.0,1.0,False
price_lag_1_rolling_avg_20,0.0,0.0,1.0,False
price_lag_1_rolling_std_20,0.0,0.0,1.0,False
price_lag_1_rolling_max_20,0.0,0.0,1.0,False
price_lag_1_rolling_min_20,0.0,0.0,1.0,False
price_lag_1_rolling_high/low_20,0.0,0.0,1.0,False
price/firm3_rolling_std_20,0.0,0.0,1.0,False
price_lag_1_rolling_ret_20,0.0,0.0,1.0,False
price_squared_rolling_avg_20,0.0,0.0,1.0,False
price_squared_rolling_std_20,0.0,0.0,1.0,False
price_squared_rolling_max_20,0.0,0.0,1.0,False
price_squared_rolling_min_20,0.0,0.0,1.0,False
price_squared_rolling_high/low_20,0.0,0.0,1.0,False
price_squared_rolling_range_20,0.0,0.0,1.0,False
price_squared_rolling_ret_20,0.0,0.0,1.0,False
price_cubed_rolling_avg_20,0.0,0.0,1.0,False
price_cubed_rolling_std_20,0.0,0.0,1.0,False
price_cubed_rolling_max_20,0.0,0.0,1.0,False
price_cubed_rolling_min_20,0.0,0.0,1.0,False
price_cubed_rolling_high/low_20,0.0,0.0,1.0,False
price_cubed_rolling_range_20,0.0,0.0,1.0,False
price_cubed_rolling_ret_20,0.0,0.0,1.0,False
firm1_lag_1_rolling_std_20,0.0,0.0,1.0,False
firm1_lag_1_rolling_max_20,0.0,0.0,1.0,False
firm1_lag_1_rolling_min_20,0.0,0.0,1.0,False
firm1_lag_1_rolling_high/low_20,0.0,0.0,1.0,False
firm1_lag_1_rolling_range_20,0.0,0.0,1.0,False
firm1_lag_1_rolling_ret_20,0.0,0.0,1.0,False
firm1_squared_rolling_avg_20,0.0,0.0,1.0,False
firm1_squared_rolling_std_20,0.0,0.0,1.0,False
firm1_squared_rolling_max_20,0.0,0.0,1.0,False
firm1_squared_rolling_min_20,0.0,0.0,1.0,False
firm1_squared_rolling_high/low_20,0.0,0.0,1.0,False
firm1_squared_rolling_range_20,0.0,0.0,1.0,False
firm1_squared_rolling_ret_20,0.0,0.0,1.0,False
firm1_cubed_rolling_avg_20,0.0,0.0,1.0,False
firm1_cubed_rolling_std_20,0.0,0.0,1.0,False
price_lag_1_rolling_range_20,0.0,0.0,1.0,False
firm1_cubed_rolling_min_20,0.0,0.0,1.0,False
firm1_cubed_rolling_high/low_20,0.0,0.0,1.0,False
firm1_cubed_rolling_range_20,0.0,0.0,1.0,False
firm1_cubed_rolling_ret_20,0.0,0.0,1.0,False
firm2_lag_1_rolling_avg_20,0.0,0.0,1.0,False
firm2_lag_1_rolling_std_20,0.0,0.0,1.0,False
firm2_lag_1_rolling_max_20,0.0,0.0,1.0,False
firm2_lag_1_rolling_min_20,0.0,0.0,1.0,False
firm2_lag_1_rolling_high/low_20,0.0,0.0,1.0,False
firm2_lag_1_rolling_range_20,0.0,0.0,1.0,False
firm2_lag_1_rolling_ret_20,0.0,0.0,1.0,False
firm2_squared_rolling_avg_20,0.0,0.0,1.0,False
firm2_squared_rolling_std_20,0.0,0.0,1.0,False
firm2_squared_rolling_max_20,0.0,0.0,1.0,False
firm2_squared_rolling_min_20,0.0,0.0,1.0,False
firm1_lag_1_rolling_avg_20,0.0,0.0,1.0,False
firm2_squared_rolling_range_20,0.0,0.0,1.0,False
firm2_squared_rolling_ret_20,0.0,0.0,1.0,False
firm2_cubed_rolling_avg_20,0.0,0.0,1.0,False
firm2_cubed_rolling_std_20,0.0,0.0,1.0,False
firm2_cubed_rolling_max_20,0.0,0.0,1.0,False
firm2_cubed_rolling_min_20,0.0,0.0,1.0,False
firm2_cubed_rolling_high/low_20,0.0,0.0,1.0,False
firm2_cubed_rolling_range_20,0.0,0.0,1.0,False
firm2_cubed_rolling_ret_20,0.0,0.0,1.0,False
firm3_lag_1_rolling_avg_20,0.0,0.0,1.0,False
firm3_lag_1_rolling_std_20,0.0,0.0,1.0,False
firm3_lag_1_rolling_max_20,0.0,0.0,1.0,False
firm3_lag_1_rolling_min_20,0.0,0.0,1.0,False
firm3_lag_1_rolling_high/low_20,0.0,0.0,1.0,False
firm3_lag_1_rolling_range_20,0.0,0.0,1.0,False
firm1_cubed_rolling_max_20,0.0,0.0,1.0,False
firm3_squared_rolling_avg_20,0.0,0.0,1.0,False
firm3_squared_rolling_std_20,0.0,0.0,1.0,False
firm3_squared_rolling_max_20,0.0,0.0,1.0,False
firm3_squared_rolling_min_20,0.0,0.0,1.0,False
firm3_squared_rolling_high/low_20,0.0,0.0,1.0,False
firm3_squared_rolling_range_20,0.0,0.0,1.0,False
firm3_squared_rolling_ret_20,0.0,0.0,1.0,False
firm3_cubed_rolling_avg_20,0.0,0.0,1.0,False
firm3_cubed_rolling_std_20,0.0,0.0,1.0,False
firm3_cubed_rolling_max_20,0.0,0.0,1.0,False
firm3_cubed_rolling_min_20,0.0,0.0,1.0,False
firm3_cubed_rolling_high/low_20,0.0,0.0,1.0,False
firm3_cubed_rolling_range_20,0.0,0.0,1.0,False
firm3_cubed_rolling_ret_20,0.0,0.0,1.0,False
firm1*firm2_lag_1_rolling_avg_20,0.0,0.0,1.0,False
firm2_squared_rolling_high/low_20,0.0,0.0,1.0,False
firm1*firm2_lag_1_rolling_max_20,0.0,0.0,1.0,False
firm1*firm2_lag_1_rolling_min_20,0.0,0.0,1.0,False
firm1*firm2_lag_1_rolling_high/low_20,0.0,0.0,1.0,False
firm1*firm2_lag_1_rolling_range_20,0.0,0.0,1.0,False
firm1*firm2_lag_1_rolling_ret_20,0.0,0.0,1.0,False
firm1*firm2_squared_rolling_avg_20,0.0,0.0,1.0,False
firm1*firm2_squared_rolling_std_20,0.0,0.0,1.0,False
firm1*firm2_squared_rolling_max_20,0.0,0.0,1.0,False
firm1*firm2_squared_rolling_min_20,0.0,0.0,1.0,False
firm1*firm2_squared_rolling_high/low_20,0.0,0.0,1.0,False
firm1*firm2_squared_rolling_range_20,0.0,0.0,1.0,False
firm1*firm2_squared_rolling_ret_20,0.0,0.0,1.0,False
firm1*firm2_cubed_rolling_avg_20,0.0,0.0,1.0,False
firm1*firm2_cubed_rolling_std_20,0.0,0.0,1.0,False
firm1*firm2_cubed_rolling_max_20,0.0,0.0,1.0,False
firm3_lag_1_rolling_ret_20,0.0,0.0,1.0,False
firm1*firm2_cubed_rolling_high/low_20,0.0,0.0,1.0,False
firm1*firm2_cubed_rolling_range_20,0.0,0.0,1.0,False
firm1*firm2_cubed_rolling_ret_20,0.0,0.0,1.0,False
firm2*firm3_lag_1_rolling_avg_20,0.0,0.0,1.0,False
firm2*firm3_lag_1_rolling_std_20,0.0,0.0,1.0,False
firm2*firm3_lag_1_rolling_max_20,0.0,0.0,1.0,False
firm2*firm3_lag_1_rolling_min_20,0.0,0.0,1.0,False
firm2*firm3_lag_1_rolling_high/low_20,0.0,0.0,1.0,False
firm2*firm3_lag_1_rolling_range_20,0.0,0.0,1.0,False
firm2*firm3_lag_1_rolling_ret_20,0.0,0.0,1.0,False
firm2*firm3_squared_rolling_avg_20,0.0,0.0,1.0,False
firm2*firm3_squared_rolling_std_20,0.0,0.0,1.0,False
firm2*firm3_squared_rolling_max_20,0.0,0.0,1.0,False
firm2*firm3_squared_rolling_min_20,0.0,0.0,1.0,False
firm2*firm3_squared_rolling_high/low_20,0.0,0.0,1.0,False
firm1*firm2_lag_1_rolling_std_20,0.0,0.0,1.0,False
firm2*firm3_squared_rolling_ret_20,0.0,0.0,1.0,False
firm2*firm3_cubed_rolling_avg_20,0.0,0.0,1.0,False
firm2*firm3_cubed_rolling_std_20,0.0,0.0,1.0,False
firm2*firm3_cubed_rolling_max_20,0.0,0.0,1.0,False
firm2*firm3_cubed_rolling_min_20,0.0,0.0,1.0,False
firm2*firm3_cubed_rolling_high/low_20,0.0,0.0,1.0,False
firm2*firm3_cubed_rolling_range_20,0.0,0.0,1.0,False
firm2*firm3_cubed_rolling_ret_20,0.0,0.0,1.0,False
firm1*firm3_lag_1_rolling_avg_20,0.0,0.0,1.0,False
firm1*firm3_lag_1_rolling_std_20,0.0,0.0,1.0,False
firm1*firm3_lag_1_rolling_max_20,0.0,0.0,1.0,False
firm1*firm3_lag_1_rolling_min_20,0.0,0.0,1.0,False
firm1*firm3_lag_1_rolling_high/low_20,0.0,0.0,1.0,False
firm1*firm3_lag_1_rolling_range_20,0.0,0.0,1.0,False
firm1*firm3_lag_1_rolling_ret_20,0.0,0.0,1.0,False
firm1*firm2_cubed_rolling_min_20,0.0,0.0,1.0,False
firm1*firm3_squared_rolling_std_20,0.0,0.0,1.0,False
firm1*firm3_squared_rolling_max_20,0.0,0.0,1.0,False
firm1*firm3_squared_rolling_min_20,0.0,0.0,1.0,False
firm1*firm3_squared_rolling_high/low_20,0.0,0.0,1.0,False
firm1*firm3_squared_rolling_range_20,0.0,0.0,1.0,False
firm1*firm3_squared_rolling_ret_20,0.0,0.0,1.0,False
firm1*firm3_cubed_rolling_avg_20,0.0,0.0,1.0,False
firm1*firm3_cubed_rolling_std_20,0.0,0.0,1.0,False
firm1*firm3_cubed_rolling_max_20,0.0,0.0,1.0,False
firm1*firm3_cubed_rolling_min_20,0.0,0.0,1.0,False
firm1*firm3_cubed_rolling_high/low_20,0.0,0.0,1.0,False
firm1*firm3_cubed_rolling_range_20,0.0,0.0,1.0,False
firm1*firm3_cubed_rolling_ret_20,0.0,0.0,1.0,False
firm1*macro2_lag_1_rolling_avg_20,0.0,0.0,1.0,False
firm1*macro2_lag_1_rolling_std_20,0.0,0.0,1.0,False
firm2*firm3_squared_rolling_range_20,0.0,0.0,1.0,False
firm1*macro2_lag_1_rolling_min_20,0.0,0.0,1.0,False
firm1*macro2_lag_1_rolling_high/low_20,0.0,0.0,1.0,False
firm1*macro2_lag_1_rolling_range_20,0.0,0.0,1.0,False
firm1*macro2_lag_1_rolling_ret_20,0.0,0.0,1.0,False
firm1*macro2_squared_rolling_avg_20,0.0,0.0,1.0,False
firm1*macro2_squared_rolling_std_20,0.0,0.0,1.0,False
firm1*macro2_squared_rolling_max_20,0.0,0.0,1.0,False
firm1*macro2_squared_rolling_min_20,0.0,0.0,1.0,False
firm1*macro2_squared_rolling_high/low_20,0.0,0.0,1.0,False
firm1*macro2_squared_rolling_range_20,0.0,0.0,1.0,False
firm1*macro2_squared_rolling_ret_20,0.0,0.0,1.0,False
firm1*macro2_cubed_rolling_avg_20,0.0,0.0,1.0,False
firm1*macro2_cubed_rolling_std_20,0.0,0.0,1.0,False
firm1*macro2_cubed_rolling_max_20,0.0,0.0,1.0,False
firm1*macro2_cubed_rolling_min_20,0.0,0.0,1.0,False
firm1*firm3_squared_rolling_avg_20,0.0,0.0,1.0,False
firm1*macro2_cubed_rolling_high/low_20,0.0,0.0,1.0,False
firm1*macro2_cubed_rolling_range_20,0.0,0.0,1.0,False
firm1*macro2_cubed_rolling_ret_20,0.0,0.0,1.0,False
firm2*macro2_lag_1_rolling_avg_20,0.0,0.0,1.0,False
firm2*macro2_lag_1_rolling_max_20,0.0,0.0,1.0,False
firm2*macro2_lag_1_rolling_min_20,0.0,0.0,1.0,False
firm2*macro2_lag_1_rolling_high/low_20,0.0,0.0,1.0,False
firm2*macro2_lag_1_rolling_range_20,0.0,0.0,1.0,False
firm2*macro2_lag_1_rolling_ret_20,0.0,0.0,1.0,False
firm2*macro2_squared_rolling_avg_20,0.0,0.0,1.0,False
firm2*macro2_squared_rolling_std_20,0.0,0.0,1.0,False
firm2*macro2_squared_rolling_max_20,0.0,0.0,1.0,False
firm2*macro2_squared_rolling_min_20,0.0,0.0,1.0,False
firm2*macro2_squared_rolling_high/low_20,0.0,0.0,1.0,False
firm2*macro2_squared_rolling_range_20,0.0,0.0,1.0,False
firm1*macro2_lag_1_rolling_max_20,0.0,0.0,1.0,False
firm2*macro2_squared_rolling_ret_20,0.0,0.0,1.0,False
firm2*macro2_cubed_rolling_avg_20,0.0,0.0,1.0,False
firm2*macro2_cubed_rolling_std_20,0.0,0.0,1.0,False
firm2*macro2_cubed_rolling_max_20,0.0,0.0,1.0,False
firm2*macro2_cubed_rolling_min_20,0.0,0.0,1.0,False
firm2*macro2_cubed_rolling_high/low_20,0.0,0.0,1.0,False
firm2*macro2_cubed_rolling_range_20,0.0,0.0,1.0,False
firm2*macro2_cubed_rolling_ret_20,0.0,0.0,1.0,False
firm3*macro2_lag_1_rolling_avg_20,0.0,0.0,1.0,False
firm3*macro2_lag_1_rolling_std_20,0.0,0.0,1.0,False
firm3*macro2_lag_1_rolling_max_20,0.0,0.0,1.0,False
firm3*macro2_lag_1_rolling_min_20,0.0,0.0,1.0,False
firm3*macro2_lag_1_rolling_high/low_20,0.0,0.0,1.0,False
firm3*macro2_lag_1_rolling_range_20,0.0,0.0,1.0,False
firm3*macro2_lag_1_rolling_ret_20,0.0,0.0,1.0,False
firm3*macro2_squared_rolling_avg_20,0.0,0.0,1.0,False
firm3*macro2_squared_rolling_std_20,0.0,0.0,1.0,False
firm3*macro2_squared_rolling_max_20,0.0,0.0,1.0,False
firm3*macro2_squared_rolling_min_20,0.0,0.0,1.0,False
firm3*macro2_squared_rolling_high/low_20,0.0,0.0,1.0,False
firm3*macro2_squared_rolling_range_20,0.0,0.0,1.0,False
firm3*macro2_squared_rolling_ret_20,0.0,0.0,1.0,False
firm3*macro2_cubed_rolling_avg_20,0.0,0.0,1.0,False
firm3*macro2_cubed_rolling_std_20,0.0,0.0,1.0,False
firm3*macro2_cubed_rolling_max_20,0.0,0.0,1.0,False
firm3*macro2_cubed_rolling_min_20,0.0,0.0,1.0,False
firm3*macro2_cubed_rolling_high/low_20,0.0,0.0,1.0,False
firm3*macro2_cubed_rolling_range_20,0.0,0.0,1.0,False
firm3*macro2_cubed_rolling_ret_20,0.0,0.0,1.0,False
firm1*price_lag_1_rolling_avg_20,0.0,0.0,1.0,False
firm1*price_lag_1_rolling_std_20,0.0,0.0,1.0,False
firm1*price_lag_1_rolling_max_20,0.0,0.0,1.0,False
firm1*price_lag_1_rolling_min_20,0.0,0.0,1.0,False
firm1*price_lag_1_rolling_high/low_20,0.0,0.0,1.0,False
firm1*price_lag_1_rolling_range_20,0.0,0.0,1.0,False
firm1*price_lag_1_rolling_ret_20,0.0,0.0,1.0,False
firm1*price_squared_rolling_avg_20,0.0,0.0,1.0,False
firm1*price_squared_rolling_std_20,0.0,0.0,1.0,False
firm1*price_squared_rolling_max_20,0.0,0.0,1.0,False
firm1*price_squared_rolling_min_20,0.0,0.0,1.0,False
firm1*price_squared_rolling_high/low_20,0.0,0.0,1.0,False
firm1*price_squared_rolling_range_20,0.0,0.0,1.0,False
firm1*price_squared_rolling_ret_20,0.0,0.0,1.0,False
firm1*price_cubed_rolling_avg_20,0.0,0.0,1.0,False
firm1*price_cubed_rolling_std_20,0.0,0.0,1.0,False
firm1*price_cubed_rolling_max_20,0.0,0.0,1.0,False
firm1*price_cubed_rolling_min_20,0.0,0.0,1.0,False
firm1*price_cubed_rolling_high/low_20,0.0,0.0,1.0,False
firm1*price_cubed_rolling_range_20,0.0,0.0,1.0,False
firm1*price_cubed_rolling_ret_20,0.0,0.0,1.0,False
firm2*price_lag_1_rolling_avg_20,0.0,0.0,1.0,False
firm2*price_lag_1_rolling_std_20,0.0,0.0,1.0,False
firm2*price_lag_1_rolling_max_20,0.0,0.0,1.0,False
firm2*price_lag_1_rolling_min_20,0.0,0.0,1.0,False
firm2*price_lag_1_rolling_high/low_20,0.0,0.0,1.0,False
firm2*price_lag_1_rolling_range_20,0.0,0.0,1.0,False
firm2*price_lag_1_rolling_ret_20,0.0,0.0,1.0,False
firm2*price_squared_rolling_avg_20,0.0,0.0,1.0,False
firm2*price_squared_rolling_std_20,0.0,0.0,1.0,False
firm2*price_squared_rolling_max_20,0.0,0.0,1.0,False
firm2*price_squared_rolling_min_20,0.0,0.0,1.0,False
firm2*price_squared_rolling_high/low_20,0.0,0.0,1.0,False
firm2*price_squared_rolling_range_20,0.0,0.0,1.0,False
firm2*price_squared_rolling_ret_20,0.0,0.0,1.0,False
firm2*price_cubed_rolling_avg_20,0.0,0.0,1.0,False
firm2*price_cubed_rolling_std_20,0.0,0.0,1.0,False
firm2*price_cubed_rolling_max_20,0.0,0.0,1.0,False
firm2*price_cubed_rolling_min_20,0.0,0.0,1.0,False
firm2*price_cubed_rolling_high/low_20,0.0,0.0,1.0,False
firm2*price_cubed_rolling_range_20,0.0,0.0,1.0,False
firm2*price_cubed_rolling_ret_20,0.0,0.0,1.0,False
firm3*price_lag_1_rolling_avg_20,0.0,0.0,1.0,False
firm3*price_lag_1_rolling_std_20,0.0,0.0,1.0,False
firm3*price_lag_1_rolling_max_20,0.0,0.0,1.0,False
firm3*price_lag_1_rolling_min_20,0.0,0.0,1.0,False
firm3*price_lag_1_rolling_high/low_20,0.0,0.0,1.0,False
firm3*price_lag_1_rolling_range_20,0.0,0.0,1.0,False
firm3*price_lag_1_rolling_ret_20,0.0,0.0,1.0,False
firm3*price_squared_rolling_avg_20,0.0,0.0,1.0,False
firm3*price_squared_rolling_std_20,0.0,0.0,1.0,False
firm3*price_squared_rolling_max_20,0.0,0.0,1.0,False
firm3*price_squared_rolling_min_20,0.0,0.0,1.0,False
firm3*price_squared_rolling_high/low_20,0.0,0.0,1.0,False
firm3*price_squared_rolling_range_20,0.0,0.0,1.0,False
firm3*price_squared_rolling_ret_20,0.0,0.0,1.0,False
firm3*price_cubed_rolling_avg_20,0.0,0.0,1.0,False
firm3*price_cubed_rolling_std_20,0.0,0.0,1.0,False
firm3*price_cubed_rolling_max_20,0.0,0.0,1.0,False
firm3*price_cubed_rolling_min_20,0.0,0.0,1.0,False
firm3*price_cubed_rolling_high/low_20,0.0,0.0,1.0,False
firm3*price_cubed_rolling_range_20,0.0,0.0,1.0,False
firm3*price_cubed_rolling_ret_20,0.0,0.0,1.0,False
macro2*price_lag_1_rolling_avg_20,0.0,0.0,1.0,False
macro2*price_lag_1_rolling_std_20,0.0,0.0,1.0,False
macro2*price_lag_1_rolling_max_20,0.0,0.0,1.0,False
macro2*price_lag_1_rolling_min_20,0.0,0.0,1.0,False
macro2*price_lag_1_rolling_high/low_20,0.0,0.0,1.0,False
macro2*price_lag_1_rolling_range_20,0.0,0.0,1.0,False
macro2*price_lag_1_rolling_ret_20,0.0,0.0,1.0,False
macro2*price_squared_rolling_avg_20,0.0,0.0,1.0,False
macro2*price_squared_rolling_std_20,0.0,0.0,1.0,False
macro2*price_squared_rolling_max_20,0.0,0.0,1.0,False
macro2*price_squared_rolling_min_20,0.0,0.0,1.0,False
macro2*price_squared_rolling_high/low_20,0.0,0.0,1.0,False
macro2*price_squared_rolling_range_20,0.0,0.0,1.0,False
macro2*price_squared_rolling_ret_20,0.0,0.0,1.0,False
macro2*price_cubed_rolling_avg_20,0.0,0.0,1.0,False
macro2*price_cubed_rolling_std_20,0.0,0.0,1.0,False
macro2*price_cubed_rolling_max_20,0.0,0.0,1.0,False
macro2*price_cubed_rolling_min_20,0.0,0.0,1.0,False
macro2*price_cubed_rolling_high/low_20,0.0,0.0,1.0,False
macro2*price_cubed_rolling_range_20,0.0,0.0,1.0,False
macro2*price_cubed_rolling_ret_20,0.0,0.0,1.0,False
price/macro2_lag_1_rolling_avg_20,0.0,0.0,1.0,False
price/macro2_lag_1_rolling_std_20,0.0,0.0,1.0,False
price/macro2_lag_1_rolling_max_20,0.0,0.0,1.0,False
price/macro2_lag_1_rolling_min_20,0.0,0.0,1.0,False
price/macro2_lag_1_rolling_high/low_20,0.0,0.0,1.0,False
price/macro2_lag_1_rolling_range_20,0.0,0.0,1.0,False
price/macro2_lag_1_rolling_ret_20,0.0,0.0,1.0,False
price/macro2_squared_rolling_avg_20,0.0,0.0,1.0,False
price/macro2_squared_rolling_std_20,0.0,0.0,1.0,False
price/macro2_squared_rolling_max_20,0.0,0.0,1.0,False
price/macro2_squared_rolling_min_20,0.0,0.0,1.0,False
firm_id_82,0.0,0.0,1.0,False
price/macro2_squared_rolling_range_20,0.0,0.0,1.0,False
price/macro2_squared_rolling_ret_20,0.0,0.0,1.0,False
price/macro2_cubed_rolling_avg_20,0.0,0.0,1.0,False
price/macro2_cubed_rolling_std_20,0.0,0.0,1.0,False
price/macro2_cubed_rolling_max_20,0.0,0.0,1.0,False
price/macro2_cubed_rolling_min_20,0.0,0.0,1.0,False
price/macro2_cubed_rolling_high/low_20,0.0,0.0,1.0,False
price/macro2_cubed_rolling_range_20,0.0,0.0,1.0,False
price/macro2_cubed_rolling_ret_20,0.0,0.0,1.0,False
price/firm1_lag_1_rolling_avg_20,0.0,0.0,1.0,False
price/firm1_lag_1_rolling_std_20,0.0,0.0,1.0,False
price/firm1_lag_1_rolling_max_20,0.0,0.0,1.0,False
price/firm1_lag_1_rolling_min_20,0.0,0.0,1.0,False
price/firm1_lag_1_rolling_high/low_20,0.0,0.0,1.0,False
price/firm1_lag_1_rolling_range_20,0.0,0.0,1.0,False
price/firm1_lag_1_rolling_ret_20,0.0,0.0,1.0,False
price/firm1_squared_rolling_avg_20,0.0,0.0,1.0,False
price/firm1_squared_rolling_std_20,0.0,0.0,1.0,False
price/firm1_squared_rolling_max_20,0.0,0.0,1.0,False
price/firm1_squared_rolling_min_20,0.0,0.0,1.0,False
price/firm1_squared_rolling_high/low_20,0.0,0.0,1.0,False
price/firm1_squared_rolling_range_20,0.0,0.0,1.0,False
price/firm1_squared_rolling_ret_20,0.0,0.0,1.0,False
price/firm1_cubed_rolling_avg_20,0.0,0.0,1.0,False
price/firm1_cubed_rolling_std_20,0.0,0.0,1.0,False
price/firm1_cubed_rolling_max_20,0.0,0.0,1.0,False
price/firm1_cubed_rolling_min_20,0.0,0.0,1.0,False
price/firm1_cubed_rolling_high/low_20,0.0,0.0,1.0,False
price/firm1_cubed_rolling_range_20,0.0,0.0,1.0,False
price/firm1_cubed_rolling_ret_20,0.0,0.0,1.0,False
price/firm2_lag_1_rolling_avg_20,0.0,0.0,1.0,False
price/firm2_lag_1_rolling_std_20,0.0,0.0,1.0,False
price/firm2_lag_1_rolling_max_20,0.0,0.0,1.0,False
price/firm2_lag_1_rolling_min_20,0.0,0.0,1.0,False
price/firm2_lag_1_rolling_high/low_20,0.0,0.0,1.0,False
price/firm2_lag_1_rolling_range_20,0.0,0.0,1.0,False
price/firm2_lag_1_rolling_ret_20,0.0,0.0,1.0,False
price/firm2_squared_rolling_avg_20,0.0,0.0,1.0,False
price/firm2_squared_rolling_std_20,0.0,0.0,1.0,False
price/firm2_squared_rolling_max_20,0.0,0.0,1.0,False
price/firm2_squared_rolling_min_20,0.0,0.0,1.0,False
price/firm2_squared_rolling_high/low_20,0.0,0.0,1.0,False
price/firm2_squared_rolling_range_20,0.0,0.0,1.0,False
price/firm2_squared_rolling_ret_20,0.0,0.0,1.0,False
price/firm2_cubed_rolling_avg_20,0.0,0.0,1.0,False
price/firm2_cubed_rolling_std_20,0.0,0.0,1.0,False
price/firm2_cubed_rolling_max_20,0.0,0.0,1.0,False
price/firm2_cubed_rolling_min_20,0.0,0.0,1.0,False
price/firm2_cubed_rolling_high/low_20,0.0,0.0,1.0,False
price/firm2_cubed_rolling_range_20,0.0,0.0,1.0,False
price/firm2_cubed_rolling_ret_20,0.0,0.0,1.0,False
price/firm3_lag_1_rolling_avg_20,0.0,0.0,1.0,False
price/firm3_lag_1_rolling_std_20,0.0,0.0,1.0,False
price/firm3_lag_1_rolling_max_20,0.0,0.0,1.0,False
price/firm3_lag_1_rolling_min_20,0.0,0.0,1.0,False
price/firm3_lag_1_rolling_high/low_20,0.0,0.0,1.0,False
price/firm3_lag_1_rolling_range_20,0.0,0.0,1.0,False
price/firm3_lag_1_rolling_ret_20,0.0,0.0,1.0,False
price/firm3_squared_rolling_avg_20,0.0,0.0,1.0,False
price/firm3_squared_rolling_std_20,0.0,0.0,1.0,False
price/firm3_squared_rolling_max_20,0.0,0.0,1.0,False
price/firm3_squared_rolling_min_20,0.0,0.0,1.0,False
price/firm3_squared_rolling_high/low_20,0.0,0.0,1.0,False
price/firm3_squared_rolling_range_20,0.0,0.0,1.0,False
price/firm3_squared_rolling_ret_20,0.0,0.0,1.0,False
price/firm3_cubed_rolling_avg_20,0.0,0.0,1.0,False
price/firm3_cubed_rolling_std_20,0.0,0.0,1.0,False
price/firm3_cubed_rolling_max_20,0.0,0.0,1.0,False
price/firm3_cubed_rolling_min_20,0.0,0.0,1.0,False
price/firm3_cubed_rolling_high/low_20,0.0,0.0,1.0,False
price/firm3_cubed_rolling_range_20,0.0,0.0,1.0,False
price/firm3_cubed_rolling_ret_20,0.0,0.0,1.0,False
price_log_ret_rolling_avg_20,0.0,0.0,1.0,False
price_log_ret_rolling_std_20,0.0,0.0,1.0,False
price_log_ret_rolling_max_20,0.0,0.0,1.0,False
price_log_ret_rolling_min_20,0.0,0.0,1.0,False
price_log_ret_rolling_high/low_20,0.0,0.0,1.0,False
price_log_ret_rolling_range_20,0.0,0.0,1.0,False
price_log_ret_rolling_ret_20,0.0,0.0,1.0,False
firm_id_0,0.0,0.0,1.0,False
firm_id_1,0.0,0.0,1.0,False
firm_id_2,0.0,0.0,1.0,False
firm_id_3,0.0,0.0,1.0,False
firm_id_4,0.0,0.0,1.0,False
firm_id_5,0.0,0.0,1.0,False
firm_id_6,0.0,0.0,1.0,False
firm_id_7,0.0,0.0,1.0,False
firm_id_8,0.0,0.0,1.0,False
firm_id_9,0.0,0.0,1.0,False
firm_id_10,0.0,0.0,1.0,False
firm_id_11,0.0,0.0,1.0,False
firm_id_12,0.0,0.0,1.0,False
firm_id_13,0.0,0.0,1.0,False
firm_id_14,0.0,0.0,1.0,False
firm_id_15,0.0,0.0,1.0,False
firm_id_16,0.0,0.0,1.0,False
firm_id_17,0.0,0.0,1.0,False
firm_id_18,0.0,0.0,1.0,False
firm_id_19,0.0,0.0,1.0,False
firm_id_20,0.0,0.0,1.0,False
firm_id_21,0.0,0.0,1.0,False
firm_id_22,0.0,0.0,1.0,False
firm_id_23,0.0,0.0,1.0,False
firm_id_24,0.0,0.0,1.0,False
firm_id_25,0.0,0.0,1.0,False
firm_id_26,0.0,0.0,1.0,False
firm_id_27,0.0,0.0,1.0,False
firm_id_28,0.0,0.0,1.0,False
firm_id_29,0.0,0.0,1.0,False
firm_id_30,0.0,0.0,1.0,False
firm_id_31,0.0,0.0,1.0,False
firm_id_32,0.0,0.0,1.0,False
firm_id_33,0.0,0.0,1.0,False
firm_id_34,0.0,0.0,1.0,False
firm_id_35,0.0,0.0,1.0,False
firm_id_36,0.0,0.0,1.0,False
firm_id_37,0.0,0.0,1.0,False
firm_id_38,0.0,0.0,1.0,False
firm_id_39,0.0,0.0,1.0,False
firm_id_40,0.0,0.0,1.0,False
firm_id_41,0.0,0.0,1.0,False
firm_id_42,0.0,0.0,1.0,False
firm_id_43,0.0,0.0,1.0,False
firm_id_44,0.0,0.0,1.0,False
firm_id_45,0.0,0.0,1.0,False
firm_id_46,0.0,0.0,1.0,False
firm_id_47,0.0,0.0,1.0,False
firm_id_48,0.0,0.0,1.0,False
firm_id_49,0.0,0.0,1.0,False
firm_id_50,0.0,0.0,1.0,False
firm_id_51,0.0,0.0,1.0,False
firm_id_52,0.0,0.0,1.0,False
firm_id_53,0.0,0.0,1.0,False
firm_id_54,0.0,0.0,1.0,False
firm_id_55,0.0,0.0,1.0,False
firm_id_56,0.0,0.0,1.0,False
firm_id_57,0.0,0.0,1.0,False
firm_id_58,0.0,0.0,1.0,False
firm_id_59,0.0,0.0,1.0,False
firm_id_60,0.0,0.0,1.0,False
firm_id_61,0.0,0.0,1.0,False
firm_id_62,0.0,0.0,1.0,False
firm_id_63,0.0,0.0,1.0,False
firm_id_64,0.0,0.0,1.0,False
firm_id_65,0.0,0.0,1.0,False
firm_id_66,0.0,0.0,1.0,False
firm_id_67,0.0,0.0,1.0,False
price/firm1,0.0,0.0,1.0,False
macro1_Peak,0.0,0.0,1.0,False
firm_id_81,0.0,0.0,1.0,False
macro1_Trough,0.0,0.0,1.0,False
firm_id_80,0.0,0.0,1.0,False
macro2_squared,0.0,0.0,1.0,False
price_lag_1,0.0,0.0,1.0,False
price_squared,0.0,0.0,1.0,False
price_cubed,0.0,0.0,1.0,False
firm_id_79,0.0,0.0,1.0,False
firm1_squared,0.0,0.0,1.0,False
firm1_cubed,0.0,0.0,1.0,False
firm_id_68,0.0,0.0,1.0,False
firm_id_69,0.0,0.0,1.0,False
firm_id_70,0.0,0.0,1.0,False
price,0.0,0.0,1.0,False
firm_id_71,0.0,0.0,1.0,False
firm_id_85,0.0,0.0,1.0,False
firm_id_86,0.0,0.0,1.0,False
firm_id_87,0.0,0.0,1.0,False
firm_id_88,0.0,0.0,1.0,False
firm_id_89,0.0,0.0,1.0,False
firm_id_90,0.0,0.0,1.0,False
firm_id_91,0.0,0.0,1.0,False
firm_id_92,0.0,0.0,1.0,False
firm_id_93,0.0,0.0,1.0,False
firm_id_94,0.0,0.0,1.0,False
firm_id_95,0.0,0.0,1.0,False
firm_id_96,0.0,0.0,1.0,False
firm_id_97,0.0,0.0,1.0,False
firm_id_98,0.0,0.0,1.0,False
firm_id_83,0.0,0.0,1.0,False
firm2*macro2_lag_1_rolling_std_20,-4.699164941925794e-08,1.5877178555690417e-08,0.9999999999999997,False
price/macro2_rolling_max_20,-5.430324508061471e-07,8.643320493551576e-08,1.0,False
macro2_squared_rolling_avg_20,-4.038715604379849e-06,8.119693488126735e-07,1.0,False
macro2_cubed,-1.2283082944460464e-05,1.4771839559397752e-06,1.0,False
